,kind_desc,subreddit,reddit_id,post_id,parent_id,depth,title,author,timestamp_utc,datetime,text,score,num_comments,full_text,text_cleaned,word_count,has_dyslexia,has_ai,has_technology,has_support,has_perception
0,post,ADHD,1rf6hmw,,,,I feel quite slow at everything,VoidWalker_r,1772100950,26/2/2026 10:15,"It’s so weird I don’t know if it’s me or the adhd but for everything I do I need as twice more time as the other to reach the minimum, for example with video games, I’ve been playing a game for 3 years yet I’m barely average at the game while people play a few months and are already better. Same for drawing I’ve been drawing for years yet I still struggle over basics things and it makes me feel so behind everyone like I never understand as fast as the others sometimes I just want to give up. And for school no matter how long I study it’s the same thing again I’m barely average",1,1,"I feel quite slow at everything It’s so weird I don’t know if it’s me or the adhd but for everything I do I need as twice more time as the other to reach the minimum, for example with video games, I’ve been playing a game for 3 years yet I’m barely average at the game while people play a few months and are already better. Same for drawing I’ve been drawing for years yet I still struggle over basics things and it makes me feel so behind everyone like I never understand as fast as the others sometimes I just want to give up. And for school no matter how long I study it’s the same thing again I’m barely average",feel slow weird dont know adhd need twice time reach minimum example video games ive playing game 3 years im barely average game people play months better drawing ive drawing years struggle basics things makes feel like understand fast want school matter long study thing im barely average,48,FALSE,FALSE,FALSE,FALSE,FALSE
1,post,ADHD,1rf6cce,,,,reading issues,Past-Point-8418,1772100436,26/2/2026 10:07,[removed],1,1,reading issues [removed],reading issues removed,3,FALSE,FALSE,FALSE,FALSE,FALSE
2,post,ADHD,1rf69tx,,,,Task avoidance,Fancy-Diesel,1772100168,26/2/2026 10:02,"I am an artist and I've been involved in one big project which was hell to get myself semi organized for and I still need to wrap up bits for that and that project has led to me being involved with another which is great, don't get me wrong, but there are emails I need to answer, invoices to send, information I need to provide and it's like my brain has just shut down and can't do it. The woman who I am in communication with is lovely but I can't tell her my ADHD is adhding because then I'm terrified she will think I'm seriously unprofessional and just making excuses and the stress of it is genuinely making me feel sick

on top of that my imposter syndrome is running full riot and I feel like I'm in over my head. 

I love being an artist, making art and being able to show it to people but I feel like a fraud because I can't talk or write about my art the way other artists do. 

Ive had a little bit of success this last 18 months and I'm scared I will ruin it for myself. ",1,1,"Task avoidance I am an artist and I've been involved in one big project which was hell to get myself semi organized for and I still need to wrap up bits for that and that project has led to me being involved with another which is great, don't get me wrong, but there are emails I need to answer, invoices to send, information I need to provide and it's like my brain has just shut down and can't do it. The woman who I am in communication with is lovely but I can't tell her my ADHD is adhding because then I'm terrified she will think I'm seriously unprofessional and just making excuses and the stress of it is genuinely making me feel sick

on top of that my imposter syndrome is running full riot and I feel like I'm in over my head. 

I love being an artist, making art and being able to show it to people but I feel like a fraud because I can't talk or write about my art the way other artists do. 

Ive had a little bit of success this last 18 months and I'm scared I will ruin it for myself.",task avoidance artist ive involved big project hell semi organized need wrap bits project led involved great dont wrong emails need answer invoices send information need provide like brain shut woman communication lovely tell adhd adhding im terrified think im seriously unprofessional making excuses stress genuinely making feel sick imposter syndrome running riot feel like im head love artist making art able people feel like fraud talk write art way artists ive little bit success 18 months im scared ruin,80,FALSE,FALSE,FALSE,FALSE,FALSE
3,post,ADHD,1rf63db,,,,Adderall timing?,Ok_Excitement9645,1772099511,26/2/2026 9:51,"hey all! just got prescribed Adderall Instant release 10mgs, and I wasn't too aware of all the side effects, one of which is killing me now. I took it a little bit before 2PM to help me do homework and study for classes, thinking I'd be fine to sleep probably around midnight, when I normally go to bed. well it's now almost 5 am, still completely awake, I have work at 10am, and I've been trying to sleep for the past four hours with zero luck. any ideas what I should do? just pull the all nighter and deal with the consequences later, or try for even an hour of sleep? I've never had this much trouble trying to sleep. it's my first time ever taking medication for ADHD (literally my first time taking Adderall as it is), and if this is going to be a constant, I might have to stop taking it altogether ",1,1,"Adderall timing? hey all! just got prescribed Adderall Instant release 10mgs, and I wasn't too aware of all the side effects, one of which is killing me now. I took it a little bit before 2PM to help me do homework and study for classes, thinking I'd be fine to sleep probably around midnight, when I normally go to bed. well it's now almost 5 am, still completely awake, I have work at 10am, and I've been trying to sleep for the past four hours with zero luck. any ideas what I should do? just pull the all nighter and deal with the consequences later, or try for even an hour of sleep? I've never had this much trouble trying to sleep. it's my first time ever taking medication for ADHD (literally my first time taking Adderall as it is), and if this is going to be a constant, I might have to stop taking it altogether",adderall timing hey got prescribed adderall instant release 10mgs wasnt aware effects killing took little bit 2pm help homework study classes thinking id fine sleep probably midnight normally bed 5 completely awake work 10am ive trying sleep past hours zero luck ideas pull nighter deal consequences later try hour sleep ive trouble trying sleep time taking medication adhd literally time taking adderall going constant stop taking altogether,67,FALSE,FALSE,FALSE,FALSE,FALSE
